,1,2,3,4,5,6,7,8,9,10,11,12,13,14,15,16,17,18,19
0,0,1,0,1,0,0,0,0,0,1,0,0,0,0,1,0,0,1,0
1,1,0,0,1,0,0,0,0,1,0,0,0,0,1,0,0,0,0,1
2,0,1,0,1,0,0,0,1,0,0,0,0,0,1,0,0,0,1,0
3,1,0,0,1,0,0,0,0,1,0,0,0,1,0,0,0,0,0,1
4,1,0,0,1,0,0,0,0,0,1,0,0,0,1,0,0,0,1,0
5,1,0,0,1,0,0,0,0,1,0,0,0,0,1,0,0,0,0,1
6,1,0,0,1,0,0,0,0,0,1,0,0,1,0,0,0,0,1,0
7,1,0,0,1,0,0,0,0,0,1,0,0,1,0,0,0,0,0,1
8,0,1,0,1,0,0,0,0,0,1,0,0,0,0,1,0,0,1,0
9,1,0,0,0,0,1,1,0,0,0,0,0,0,0,1,0,0,1,0
10,1,0,0,0,0,1,0,0,0,1,0,0,0,1,0,0,0,0,1
11,0,1,0,1,0,0,0,0,0,1,0,0,0,1,0,0,0,1,0
12,1,0,0,0,1,0,0,0,1,0,0,0,0,0,1,0,0,0,1
13,0,1,0,1,0,0,0,0,0,1,0,0,0,0,1,0,0,1,0
14,0,1,0,1,0,0,0,0,1,0,0,0,0,0,1,0,0,1,0
15,1,0,0,1,0,0,0,0,0,1,0,0,0,1,0,0,0,1,0
16,1,0,0,0,1,0,0,0,0,1,0,0,0,1,0,0,0,1,0
17,1,0,0,1,0,0,0,0,1,0,0,0,0,1,0,0,0,1,0
18,1,0,0,1,0,0,0,0,0,1,0,0,0,1,0,0,0,0,1
19,1,0,0,1,0,0,0,0,0,1,0,0,0,1,0,0,0,1,0
20,1,0,0,0,1,0,0,0,0,1,0,0,1,0,0,0,0,0,1
21,1,0,0,0,1,0,0,0,0,1,0,0,0,0,1,0,0,0,1
22,0,1,0,0,0,1,0,0,0,1,0,0,0,0,1,0,0,1,0
23,1,0,0,0,1,0,0,0,1,0,0,0,1,0,0,0,0,1,0
24,0,1,0,0,0,1,0,0,0,1,0,0,0,0,1,0,0,1,0
25,1,0,0,1,0,0,0,0,0,1,0,0,0,0,1,0,0,1,0
26,0,1,0,1,0,0,0,0,0,1,0,0,0,0,1,0,0,1,0
27,1,0,0,1,0,0,0,1,0,0,0,0,1,0,0,0,0,0,1
28,0,1,0,0,1,0,0,1,0,0,0,0,0,0,1,0,0,0,1
29,1,0,0,0,0,1,0,0,0,1,0,0,0,1,0,0,0,0,1
30,1,0,0,1,0,0,0,0,0,1,0,0,0,0,0,1,0,0,1
31,0,1,0,1,0,0,0,0,0,1,0,0,1,0,0,0,0,1,0
32,1,0,0,1,0,0,0,1,0,0,0,0,1,0,0,0,0,0,1
33,1,0,0,0,0,1,0,1,0,0,0,0,1,0,0,0,0,0,1
34,1,0,0,1,0,0,0,0,1,0,0,0,0,0,1,0,0,0,1
35,1,0,0,1,0,0,0,1,0,0,0,0,0,1,0,0,0,0,1
36,1,0,0,1,0,0,0,0,0,1,0,0,0,1,0,0,0,0,1
37,1,0,0,1,0,0,0,0,0,1,0,0,0,0,1,0,0,1,0
38,1,0,0,1,0,0,0,0,0,1,0,0,1,0,0,0,0,1,0
39,1,0,0,1,0,0,0,0,0,1,0,0,0,0,1,0,0,1,0
40,0,1,0,1,0,0,0,0,0,1,0,0,1,0,0,0,0,0,1
41,1,0,0,0,1,0,0,0,0,1,0,0,0,1,0,0,0,0,1
42,1,0,0,0,0,1,0,1,0,0,0,0,0,0,1,0,0,0,1
43,0,1,0,0,0,1,0,0,0,1,0,0,0,0,1,0,0,1,0
44,0,1,0,1,0,0,0,0,1,0,0,0,0,0,1,0,0,0,1
45,0,1,0,1,0,0,0,0,0,1,0,0,1,0,0,0,0,1,0
46,0,1,0,1,0,0,0,0,1,0,0,0,1,0,0,0,0,0,1
47,1,0,0,1,0,0,0,0,1,0,0,0,1,0,0,0,0,0,1
48,1,0,0,1,0,0,0,0,0,1,0,0,0,1,0,0,0,1,0
49,1,0,0,1,0,0,1,0,0,0,0,0,1,0,0,0,0,0,1
50,1,0,0,0,1,0,0,1,0,0,0,0,1,0,0,0,0,0,1
51,1,0,0,1,0,0,0,1,0,0,0,0,1,0,0,0,0,0,1
52,1,0,0,1,0,0,0,1,0,0,0,0,0,1,0,0,0,0,1
53,0,1,0,0,0,1,0,0,0,1,0,0,0,0,1,0,0,1,0
54,0,1,0,1,0,0,0,0,0,1,0,0,0,0,1,0,0,0,1
55,1,0,0,1,0,0,0,1,0,0,0,0,1,0,0,0,0,0,1
56,0,1,0,1,0,0,0,0,0,1,0,0,0,0,1,0,0,1,0
57,1,0,0,0,1,0,0,0,0,1,0,0,0,1,0,0,0,0,1
58,0,1,0,0,1,0,0,0,0,1,0,0,0,0,1,0,0,0,1
59,1,0,0,1,0,0,0,0,0,1,0,0,1,0,0,0,0,0,1
60,1,0,0,1,0,0,1,0,0,0,0,0,1,0,0,0,0,0,1
61,1,0,0,1,0,0,0,0,0,1,0,0,0,1,0,0,0,1,0
62,1,0,0,1,0,0,0,0,1,0,0,0,0,1,0,0,0,0,1
63,0,1,0,1,0,0,0,0,1,0,0,0,1,0,0,0,0,0,1
64,1,0,0,1,0,0,0,0,0,1,0,0,0,0,1,0,0,1,0
65,1,0,0,1,0,0,0,0,1,0,0,0,0,1,0,0,0,0,1
66,1,0,0,0,1,0,0,0,0,1,0,0,0,1,0,0,0,1,0
67,1,0,0,0,0,1,0,0,0,1,0,0,0,0,1,0,0,0,1
68,1,0,0,1,0,0,0,1,0,0,0,0,1,0,0,0,0,0,1
69,0,1,0,0,1,0,0,0,1,0,0,0,1,0,0,0,0,0,1
70,1,0,0,1,0,0,0,0,0,1,0,0,1,0,0,0,0,1,0
71,1,0,0,1,0,0,0,0,1,0,0,0,1,0,0,0,0,0,1
72,1,0,0,0,0,1,0,0,0,1,0,0,0,0,1,0,0,1,0
73,1,0,0,0,1,0,0,0,0,1,0,0,1,0,0,0,0,0,1
74,1,0,0,1,0,0,0,0,0,1,0,0,1,0,0,0,0,0,1
75,1,0,0,1,0,0,0,1,0,0,0,0,1,0,0,0,0,0,1
76,1,0,0,1,0,0,0,0,0,1,0,0,0,0,1,0,0,0,1
77,1,0,0,1,0,0,0,0,0,1,0,0,1,0,0,0,0,0,1
78,1,0,0,1,0,0,0,0,0,1,0,0,1,0,0,0,0,1,0
79,1,0,0,1,0,0,0,0,1,0,0,0,1,0,0,0,0,0,1
80,1,0,0,1,0,0,0,1,0,0,0,0,1,0,0,0,0,0,1
81,1,0,0,1,0,0,1,0,0,0,0,0,1,0,0,0,0,0,1
82,1,0,0,1,0,0,0,0,1,0,0,0,0,1,0,0,0,0,1
83,1,0,0,1,0,0,0,1,0,0,0,0,1,0,0,0,0,0,1
84,1,0,0,0,0,1,0,0,0,1,0,0,0,1,0,0,0,1,0
85,1,0,0,1,0,0,0,0,0,1,0,0,1,0,0,0,0,0,1
86,1,0,0,1,0,0,0,0,0,1,0,0,0,0,1,0,0,0,1
87,1,0,0,1,0,0,0,0,0,1,0,0,1,0,0,0,0,0,1
88,1,0,0,1,0,0,0,0,0,1,0,0,0,0,1,0,0,1,0
89,1,0,0,1,0,0,0,0,1,0,0,0,1,0,0,0,0,0,1
90,1,0,0,1,0,0,0,1,0,0,0,0,1,0,0,0,0,0,1
91,1,0,0,0,1,0,0,0,0,1,0,0,0,1,0,0,0,0,1
92,1,0,0,1,0,0,0,0,0,1,0,0,0,0,1,0,0,0,1
93,1,0,0,1,0,0,0,1,0,0,0,0,0,0,0,1,0,1,0
94,0,1,0,0,1,0,0,1,0,0,0,0,1,0,0,0,0,0,1
95,0,1,0,1,0,0,0,0,0,1,0,0,0,0,1,0,0,0,1
96,1,0,0,1,0,0,0,0,0,1,0,0,1,0,0,0,0,0,1
97,1,0,0,1,0,0,0,1,0,0,0,0,1,0,0,0,0,0,1
98,1,0,0,1,0,0,0,0,1,0,0,0,1,0,0,0,0,0,1
99,1,0,0,0,0,1,0,0,0,1,0,0,0,1,0,0,0,1,0
100,0,1,0,1,0,0,0,0,0,1,0,0,0,1,0,0,0,1,0
101,0,1,0,1,0,0,0,0,1,0,0,0,1,0,0,0,0,0,1
102,1,0,0,0,0,1,0,1,0,0,0,0,1,0,0,0,0,0,1
103,1,0,0,1,0,0,0,0,1,0,0,0,1,0,0,0,0,0,1
104,1,0,0,1,0,0,0,0,0,1,0,0,1,0,0,0,0,0,1
105,1,0,0,1,0,0,0,0,1,0,0,0,1,0,0,0,0,0,1
106,1,0,0,0,0,1,0,1,0,0,0,0,1,0,0,0,0,0,1
107,0,1,0,1,0,0,0,0,1,0,0,0,0,1,0,0,0,0,1
108,1,0,0,1,0,0,0,0,0,1,0,0,1,0,0,0,0,0,1
109,1,0,0,0,1,0,0,0,0,1,0,0,1,0,0,0,0,1,0
110,0,1,0,1,0,0,0,0,0,1,0,0,1,0,0,0,0,1,0
111,0,1,0,1,0,0,0,0,0,1,0,0,0,0,1,0,0,1,0
112,1,0,0,1,0,0,0,0,0,1,0,0,1,0,0,0,0,0,1
113,1,0,0,1,0,0,0,0,0,1,0,0,1,0,0,0,0,0,1
114,0,1,0,1,0,0,0,0,0,1,0,0,0,1,0,0,0,1,0
115,0,1,0,0,0,1,0,0,0,1,0,0,0,0,0,1,0,1,0
116,1,0,0,1,0,0,0,0,0,1,0,0,0,1,0,0,0,1,0
117,1,0,0,1,0,0,0,0,0,1,0,0,1,0,0,0,0,0,1
118,1,0,0,1,0,0,0,0,1,0,0,0,1,0,0,0,0,0,1
119,1,0,0,1,0,0,0,1,0,0,0,0,1,0,0,0,0,0,1
120,0,1,0,1,0,0,0,0,0,1,0,0,1,0,0,0,0,1,0
121,1,0,0,1,0,0,0,0,0,1,0,0,1,0,0,0,0,0,1
122,1,0,0,1,0,0,0,0,0,1,0,0,1,0,0,0,0,0,1
123,1,0,0,0,1,0,0,0,1,0,0,0,0,0,0,1,0,0,1
124,1,0,0,1,0,0,0,0,0,1,0,0,1,0,0,0,0,1,0
125,1,0,0,1,0,0,0,0,0,1,0,0,1,0,0,0,0,1,0
126,1,0,0,1,0,0,0,0,0,1,0,0,0,1,0,0,0,0,1
127,1,0,0,1,0,0,0,0,0,1,0,0,1,0,0,0,0,0,1
128,1,0,0,0,1,0,0,0,0,1,0,0,0,0,1,0,0,1,0
129,1,0,0,0,1,0,0,0,1,0,0,0,0,0,0,1,0,1,0
130,0,1,0,1,0,0,0,0,1,0,0,0,0,1,0,0,0,1,0
131,1,0,0,1,0,0,0,0,0,1,0,0,0,1,0,0,0,1,0
132,0,1,0,1,0,0,0,0,0,1,0,0,0,1,0,0,0,1,0
133,1,0,0,1,0,0,0,0,0,1,0,0,0,1,0,0,0,0,1
134,1,0,0,1,0,0,0,1,0,0,0,0,1,0,0,0,0,0,1
135,1,0,0,1,0,0,0,0,0,1,0,0,0,1,0,0,0,0,1
136,1,0,0,1,0,0,0,0,0,1,0,0,1,0,0,0,0,0,1
137,1,0,0,1,0,0,0,0,1,0,0,0,1,0,0,0,0,0,1
138,1,0,0,0,1,0,0,0,0,1,0,0,1,0,0,0,0,0,1
139,1,0,0,1,0,0,0,0,0,1,0,0,1,0,0,0,0,0,1
140,1,0,0,1,0,0,0,1,0,0,0,0,0,0,1,0,0,0,1
141,1,0,0,0,1,0,0,0,0,1,0,0,0,1,0,0,0,0,1
142,1,0,0,1,0,0,0,0,0,1,0,0,1,0,0,0,0,0,1
143,1,0,0,1,0,0,0,0,0,1,0,0,0,0,1,0,0,1,0
144,0,1,0,1,0,0,0,0,0,1,0,0,1,0,0,0,0,0,1
145,1,0,0,1,0,0,1,0,0,0,0,0,1,0,0,0,0,0,1
146,1,0,0,0,1,0,0,0,0,1,0,0,0,0,1,0,0,0,1
147,1,0,0,1,0,0,0,0,0,1,0,0,0,1,0,0,0,0,1
148,0,1,0,1,0,0,0,0,0,1,0,0,0,0,0,1,0,0,1
149,1,0,0,1,0,0,0,0,1,0,0,0,1,0,0,0,0,0,1
150,1,0,0,1,0,0,0,0,0,1,0,0,1,0,0,0,0,0,1
151,1,0,0,1,0,0,0,1,0,0,0,0,0,1,0,0,0,0,1
152,0,1,0,0,1,0,0,0,0,1,0,0,0,0,1,0,0,1,0
153,0,1,0,0,1,0,0,0,0,1,0,0,1,0,0,0,0,0,1
154,0,1,0,1,0,0,0,0,0,1,0,0,0,0,1,0,0,1,0
155,0,1,0,0,1,0,0,0,0,1,0,0,0,1,0,0,0,1,0
156,1,0,0,1,0,0,0,1,0,0,0,0,1,0,0,0,0,0,1
157,1,0,0,1,0,0,0,0,1,0,0,0,1,0,0,0,0,0,1
158,1,0,0,1,0,0,0,0,1,0,0,0,1,0,0,0,0,0,1
159,0,1,0,1,0,0,0,0,0,1,0,0,0,0,1,0,0,1,0
160,0,1,0,0,0,1,0,0,1,0,0,0,0,1,0,0,0,0,1
161,1,0,0,1,0,0,0,0,0,1,0,0,0,0,1,0,0,0,1
162,1,0,0,0,1,0,0,0,0,1,0,0,1,0,0,0,0,0,1
163,1,0,0,1,0,0,0,0,1,0,0,0,1,0,0,0,0,0,1
164,1,0,0,0,1,0,0,0,0,1,0,0,0,1,0,0,0,1,0
165,1,0,0,1,0,0,0,0,1,0,0,0,0,0,1,0,0,1,0
166,0,1,0,1,0,0,0,0,0,1,0,0,1,0,0,0,0,0,1
167,1,0,0,1,0,0,0,0,1,0,0,0,0,1,0,0,0,0,1
168,1,0,0,1,0,0,0,0,0,1,0,0,1,0,0,0,0,0,1
169,1,0,0,0,0,1,0,0,1,0,0,0,1,0,0,0,0,0,1
170,1,0,0,0,1,0,0,0,0,1,0,0,0,1,0,0,0,1,0
171,1,0,0,1,0,0,0,0,0,1,0,0,1,0,0,0,0,1,0
172,1,0,0,1,0,0,0,0,1,0,0,0,1,0,0,0,0,0,1
173,1,0,0,1,0,0,0,0,0,1,0,0,1,0,0,0,0,0,1
174,1,0,0,1,0,0,0,0,1,0,0,0,0,1,0,0,0,0,1
175,0,1,0,1,0,0,0,0,0,1,0,0,0,1,0,0,0,1,0
176,1,0,0,1,0,0,0,0,0,1,0,0,0,0,1,0,0,0,1
177,1,0,0,0,0,1,0,0,0,1,0,0,1,0,0,0,0,1,0
178,0,1,0,1,0,0,0,0,0,1,0,0,0,0,1,0,0,0,1
179,1,0,0,0,1,0,0,0,0,1,0,0,0,1,0,0,0,1,0
180,1,0,0,0,1,0,0,1,0,0,0,0,0,1,0,0,0,0,1
181,1,0,0,1,0,0,0,0,0,1,0,0,1,0,0,0,0,0,1
182,1,0,0,1,0,0,0,0,1,0,0,0,1,0,0,0,0,0,1
183,1,0,0,1,0,0,0,0,1,0,0,0,1,0,0,0,0,0,1
184,0,1,0,1,0,0,0,0,1,0,0,0,0,0,1,0,0,0,1
185,0,1,0,1,0,0,0,0,0,1,0,0,0,0,1,0,0,1,0
186,0,1,0,1,0,0,0,0,0,1,0,0,0,0,0,1,0,1,0
187,1,0,0,0,0,1,0,0,0,1,0,0,0,1,0,0,0,1,0
188,1,0,0,1,0,0,0,0,1,0,0,0,0,1,0,0,0,1,0
189,1,0,0,0,1,0,0,0,0,1,0,0,1,0,0,0,0,1,0
190,1,0,0,1,0,0,0,1,0,0,0,0,1,0,0,0,0,0,1
191,1,0,0,1,0,0,0,0,0,1,0,0,0,0,1,0,0,0,1
192,0,1,0,1,0,0,0,0,0,1,0,0,0,1,0,0,0,1,0
193,1,0,0,1,0,0,0,0,0,1,0,0,0,0,1,0,0,1,0
194,1,0,0,1,0,0,0,1,0,0,0,0,0,0,1,0,0,0,1
195,0,1,0,0,1,0,0,0,0,1,0,0,1,0,0,0,0,1,0
196,1,0,0,1,0,0,0,1,0,0,0,0,1,0,0,0,0,0,1
197,1,0,0,1,0,0,0,1,0,0,0,0,1,0,0,0,0,1,0
198,1,0,0,1,0,0,0,0,0,1,0,0,1,0,0,0,0,1,0
199,0,1,0,1,0,0,0,0,0,1,0,0,1,0,0,0,0,1,0
200,1,0,0,0,1,0,0,0,0,1,0,0,1,0,0,0,0,0,1
201,1,0,0,0,1,0,0,0,0,1,0,0,1,0,0,0,0,0,1
202,1,0,0,1,0,0,0,0,1,0,0,0,0,1,0,0,0,0,1
203,1,0,0,1,0,0,0,1,0,0,0,0,1,0,0,0,0,0,1
204,1,0,0,1,0,0,0,0,0,1,0,0,0,0,1,0,0,0,1
205,1,0,0,1,0,0,0,1,0,0,0,0,1,0,0,0,0,0,1
206,0,1,0,1,0,0,0,0,0,1,0,0,0,0,1,0,0,1,0
207,0,1,0,0,0,1,0,0,0,1,0,0,0,0,1,0,0,1,0
208,1,0,0,1,0,0,0,0,0,1,0,0,1,0,0,0,0,0,1
209,0,1,0,0,1,0,0,0,0,1,0,0,0,0,1,0,0,1,0
210,1,0,0,1,0,0,0,0,1,0,0,0,1,0,0,0,0,0,1
211,0,1,0,0,1,0,0,0,0,1,0,0,1,0,0,0,0,0,1
212,0,1,0,0,0,1,0,0,0,1,0,0,0,0,0,1,0,0,1
213,1,0,0,1,0,0,0,0,0,1,0,0,1,0,0,0,0,1,0
214,1,0,0,0,1,0,0,0,0,1,0,0,0,1,0,0,0,1,0
215,0,1,0,1,0,0,0,0,0,1,0,0,0,1,0,0,0,1,0
216,1,0,0,1,0,0,0,0,0,1,0,0,1,0,0,0,0,1,0
217,1,0,0,1,0,0,0,0,0,1,0,0,0,1,0,0,0,0,1
218,1,0,0,1,0,0,0,0,1,0,0,0,0,1,0,0,0,1,0
219,1,0,0,1,0,0,0,0,0,1,0,0,0,0,1,0,0,1,0
220,0,1,0,1,0,0,0,0,0,1,0,0,1,0,0,0,0,1,0
221,0,1,0,0,0,1,0,0,0,1,0,0,0,0,0,1,0,1,0
222,1,0,0,1,0,0,0,0,1,0,0,0,0,1,0,0,0,0,1
223,0,1,0,1,0,0,0,0,1,0,0,0,0,0,0,1,0,0,1
224,1,0,0,1,0,0,0,1,0,0,0,0,1,0,0,0,0,0,1
225,1,0,0,1,0,0,0,0,0,1,0,0,1,0,0,0,0,0,1
226,1,0,0,1,0,0,0,0,0,1,0,0,1,0,0,0,0,0,1
227,0,1,0,1,0,0,0,0,0,1,0,0,1,0,0,0,0,1,0
228,0,1,0,1,0,0,0,0,0,1,0,0,0,1,0,0,0,0,1
229,1,0,0,0,1,0,0,0,0,1,0,0,1,0,0,0,0,0,1
230,0,1,0,0,1,0,0,0,0,1,0,0,1,0,0,0,0,1,0
231,1,0,0,0,1,0,0,0,0,1,0,0,0,0,1,0,0,1,0
232,1,0,0,0,1,0,0,0,1,0,0,0,1,0,0,0,0,0,1
233,1,0,0,1,0,0,0,0,0,1,0,0,1,0,0,0,0,0,1
234,1,0,0,1,0,0,0,0,1,0,0,0,1,0,0,0,0,0,1
235,0,1,0,1,0,0,0,0,0,1,0,0,1,0,0,0,0,1,0
236,0,1,0,0,1,0,0,0,0,1,0,0,0,0,1,0,0,1,0
237,0,1,0,0,0,1,0,0,0,1,0,0,1,0,0,0,0,1,0
238,0,1,0,0,1,0,0,0,0,1,0,0,0,1,0,0,0,1,0
239,1,0,0,1,0,0,1,0,0,0,0,0,1,0,0,0,0,0,1
240,1,0,0,1,0,0,0,0,1,0,0,0,1,0,0,0,0,0,1
241,1,0,0,1,0,0,0,0,0,1,0,0,1,0,0,0,0,0,1
242,1,0,0,1,0,0,0,0,1,0,0,0,1,0,0,0,0,1,0
243,1,0,0,1,0,0,0,0,1,0,0,0,0,1,0,0,0,1,0
244,0,1,0,1,0,0,0,0,0,1,0,0,1,0,0,0,0,0,1
245,0,1,0,0,1,0,0,0,0,1,0,0,0,0,1,0,0,1,0
246,1,0,0,1,0,0,0,0,0,1,0,0,0,0,1,0,0,0,1
247,0,1,0,0,0,1,0,0,0,1,0,0,1,0,0,0,0,0,1
248,1,0,0,1,0,0,0,0,0,1,0,0,0,1,0,0,0,0,1
249,1,0,0,0,1,0,0,0,0,1,0,0,1,0,0,0,0,0,1
250,1,0,0,1,0,0,0,0,0,1,0,0,0,0,1,0,0,0,1
251,1,0,0,0,1,0,0,0,1,0,0,0,1,0,0,0,0,0,1
252,1,0,0,0,1,0,0,1,0,0,0,0,1,0,0,0,0,0,1
253,1,0,0,1,0,0,0,0,0,1,0,0,1,0,0,0,0,0,1
254,1,0,0,1,0,0,0,0,1,0,0,0,0,0,1,0,0,1,0
255,1,0,0,1,0,0,0,0,0,1,0,0,1,0,0,0,0,1,0
256,1,0,0,1,0,0,0,0,0,1,0,0,0,1,0,0,0,0,1
257,1,0,0,1,0,0,0,0,1,0,0,0,1,0,0,0,0,0,1
258,0,1,0,1,0,0,0,0,1,0,0,0,1,0,0,0,0,0,1
259,0,1,0,1,0,0,0,0,0,1,0,0,0,0,1,0,0,1,0
260,0,1,0,1,0,0,0,0,0,1,0,0,0,1,0,0,0,0,1
261,0,1,0,1,0,0,0,0,0,1,0,0,1,0,0,0,0,1,0
262,1,0,0,1,0,0,0,0,0,1,0,0,1,0,0,0,0,0,1
263,0,1,0,0,1,0,0,0,0,1,0,0,0,0,0,1,0,0,1
264,1,0,0,1,0,0,0,0,0,1,0,0,0,1,0,0,0,1,0
265,1,0,0,1,0,0,0,0,0,1,0,0,0,0,1,0,0,0,1
266,1,0,0,1,0,0,0,0,0,1,0,0,1,0,0,0,0,1,0
267,1,0,0,1,0,0,0,0,0,1,0,0,1,0,0,0,0,0,1
268,1,0,0,1,0,0,0,0,1,0,0,0,1,0,0,0,0,0,1
269,0,1,0,1,0,0,0,0,1,0,0,0,1,0,0,0,0,1,0
270,1,0,0,0,1,0,0,0,0,1,0,0,0,1,0,0,0,1,0
271,1,0,0,1,0,0,0,0,1,0,0,0,1,0,0,0,0,0,1
272,1,0,0,1,0,0,0,1,0,0,0,0,0,0,1,0,0,0,1
273,1,0,0,1,0,0,0,0,0,1,0,0,1,0,0,0,0,0,1
274,1,0,0,1,0,0,0,0,0,1,0,0,0,0,1,0,0,0,1
275,1,0,0,1,0,0,0,0,0,1,0,0,1,0,0,0,0,0,1
276,1,0,0,1,0,0,0,0,1,0,0,0,1,0,0,0,0,1,0
277,1,0,0,1,0,0,0,0,1,0,0,0,1,0,0,0,0,0,1
278,1,0,0,1,0,0,0,1,0,0,0,0,0,0,1,0,0,0,1
279,1,0,0,1,0,0,0,0,1,0,0,0,1,0,0,0,0,0,1
280,0,1,0,1,0,0,0,0,0,1,0,0,1,0,0,0,0,1,0
281,1,0,0,1,0,0,0,0,0,1,0,0,0,1,0,0,0,0,1
282,1,0,0,0,1,0,0,0,0,1,0,0,0,1,0,0,0,0,1
283,0,1,0,0,1,0,0,0,0,1,0,0,0,0,1,0,0,1,0
284,1,0,0,0,1,0,0,0,1,0,0,0,0,0,1,0,0,1,0
285,1,0,0,1,0,0,0,0,1,0,0,0,0,0,1,0,0,0,1
286,0,1,0,0,1,0,0,0,0,1,0,0,0,1,0,0,0,0,1
287,1,0,0,0,1,0,0,0,0,1,0,0,1,0,0,0,0,1,0
288,1,0,0,1,0,0,0,1,0,0,0,0,1,0,0,0,0,0,1
289,1,0,0,1,0,0,0,0,0,1,0,0,0,1,0,0,0,0,1
290,1,0,0,0,1,0,0,0,0,1,0,0,1,0,0,0,0,0,1
291,1,0,0,1,0,0,0,0,0,1,0,0,1,0,0,0,0,1,0
292,1,0,0,1,0,0,0,0,0,1,0,0,0,1,0,0,0,1,0
293,1,0,0,1,0,0,0,0,0,1,0,0,1,0,0,0,0,1,0
294,0,1,0,1,0,0,0,1,0,0,0,0,0,0,0,1,0,0,1
295,0,1,0,1,0,0,0,0,0,1,0,0,1,0,0,0,0,0,1
296,0,1,0,1,0,0,0,0,1,0,0,0,1,0,0,0,0,1,0
297,1,0,0,0,1,0,0,0,0,1,0,0,1,0,0,0,0,0,1
298,1,0,0,1,0,0,0,0,0,1,0,0,0,0,1,0,0,1,0
299,1,0,0,1,0,0,0,1,0,0,0,0,0,0,1,0,0,0,1
300,0,1,0,1,0,0,0,0,0,1,0,0,0,1,0,0,0,1,0
301,0,1,0,1,0,0,0,0,0,1,0,0,1,0,0,0,0,1,0
302,1,0,0,0,1,0,0,0,0,1,0,0,0,1,0,0,0,0,1
303,1,0,0,0,0,1,0,0,0,1,0,0,1,0,0,0,0,1,0
304,0,1,0,1,0,0,0,1,0,0,0,0,0,1,0,0,0,0,1
305,1,0,0,1,0,0,0,0,0,1,0,0,1,0,0,0,0,0,1
306,0,1,0,1,0,0,0,0,1,0,0,0,0,0,1,0,0,1,0
307,1,0,0,1,0,0,0,1,0,0,0,0,1,0,0,0,0,0,1
308,1,0,0,1,0,0,0,0,0,1,0,0,1,0,0,0,0,1,0
309,1,0,0,1,0,0,0,0,0,1,0,0,0,1,0,0,0,1,0
310,1,0,0,1,0,0,0,0,1,0,0,0,0,0,1,0,0,0,1
311,1,0,0,1,0,0,0,0,0,1,0,0,1,0,0,0,0,0,1
312,0,1,0,1,0,0,0,0,1,0,0,0,1,0,0,0,0,1,0
313,1,0,0,1,0,0,0,0,1,0,0,0,1,0,0,0,0,0,1
314,1,0,0,0,1,0,0,0,0,1,0,0,0,0,1,0,0,1,0
315,1,0,0,1,0,0,0,0,0,1,0,0,1,0,0,0,0,0,1
316,1,0,0,0,1,0,0,1,0,0,0,0,0,1,0,0,0,0,1
317,0,1,0,1,0,0,0,0,0,1,0,0,1,0,0,0,0,1,0
318,1,0,0,1,0,0,0,0,0,1,0,0,1,0,0,0,0,0,1
319,0,1,0,1,0,0,0,1,0,0,0,0,0,0,1,0,0,1,0
320,1,0,0,1,0,0,0,0,1,0,0,0,0,1,0,0,0,0,1
321,1,0,0,1,0,0,0,0,0,1,0,0,1,0,0,0,0,1,0
322,1,0,0,1,0,0,0,0,1,0,0,0,0,1,0,0,0,1,0
323,0,1,0,0,0,1,0,0,1,0,0,0,0,0,1,0,0,1,0
324,1,0,0,1,0,0,0,0,0,1,0,0,1,0,0,0,0,0,1
325,0,1,0,1,0,0,0,0,1,0,0,0,1,0,0,0,0,0,1
326,1,0,0,1,0,0,0,0,0,1,0,0,0,1,0,0,0,1,0
327,0,1,0,1,0,0,0,0,0,1,0,0,0,1,0,0,0,0,1
328,1,0,0,0,1,0,0,0,0,1,0,0,1,0,0,0,0,1,0
329,1,0,0,1,0,0,0,0,0,1,0,0,0,1,0,0,0,0,1
330,1,0,0,1,0,0,0,1,0,0,0,0,0,0,1,0,0,0,1
331,1,0,0,1,0,0,0,0,0,1,0,0,1,0,0,0,0,0,1
332,0,1,0,1,0,0,0,0,0,1,0,0,0,0,1,0,0,1,0
333,1,0,0,0,1,0,0,1,0,0,0,0,0,0,1,0,0,0,1
334,1,0,0,1,0,0,0,1,0,0,0,0,1,0,0,0,0,0,1
335,0,1,0,1,0,0,0,0,0,1,0,0,1,0,0,0,0,0,1
336,1,0,0,1,0,0,0,0,0,1,0,0,0,0,1,0,0,0,1
337,1,0,0,1,0,0,0,0,0,1,0,0,0,0,1,0,0,1,0
338,0,1,0,1,0,0,0,0,0,1,0,0,0,1,0,0,0,1,0
339,0,1,0,0,1,0,0,0,0,1,0,0,0,0,1,0,0,1,0
340,1,0,0,1,0,0,0,0,1,0,0,0,1,0,0,0,0,0,1
341,1,0,0,1,0,0,0,0,1,0,0,0,0,1,0,0,0,0,1
342,1,0,0,1,0,0,0,0,0,1,0,0,1,0,0,0,0,0,1
343,1,0,0,0,1,0,0,0,0,1,0,0,0,1,0,0,0,0,1
344,1,0,0,1,0,0,0,0,0,1,0,0,0,0,1,0,0,0,1
345,1,0,0,0,1,0,0,0,0,1,0,0,0,0,1,0,0,0,1
346,1,0,0,1,0,0,0,0,1,0,0,0,1,0,0,0,0,0,1
347,1,0,0,1,0,0,0,1,0,0,0,0,1,0,0,0,0,0,1
348,1,0,0,1,0,0,0,1,0,0,0,0,1,0,0,0,0,0,1
349,1,0,0,0,1,0,0,0,0,1,0,0,0,1,0,0,0,1,0
350,1,0,0,0,1,0,0,0,0,1,0,0,1,0,0,0,0,0,1
351,1,0,0,0,1,0,0,0,0,1,0,0,0,1,0,0,0,0,1
352,1,0,0,0,1,0,0,0,0,1,0,0,0,0,1,0,0,0,1
353,1,0,0,1,0,0,0,0,1,0,0,0,1,0,0,0,0,0,1
354,1,0,0,1,0,0,0,0,0,1,0,0,1,0,0,0,0,0,1
355,0,1,0,0,1,0,0,0,0,1,0,0,0,0,1,0,0,1,0
356,1,0,0,1,0,0,0,0,0,1,0,0,1,0,0,0,0,1,0
357,1,0,0,1,0,0,0,0,0,1,0,0,0,0,1,0,0,1,0
358,1,0,0,1,0,0,0,0,0,1,0,0,0,0,1,0,0,0,1
359,0,1,0,1,0,0,0,0,0,1,0,0,1,0,0,0,0,1,0
360,0,1,0,1,0,0,0,0,0,1,0,0,1,0,0,0,0,1,0
361,0,1,0,1,0,0,0,0,1,0,0,0,0,0,0,1,0,0,1
362,1,0,0,0,0,1,0,0,0,1,0,0,0,0,0,1,0,0,1
363,0,1,0,1,0,0,0,0,0,1,0,0,0,0,0,1,0,1,0
364,0,1,0,1,0,0,0,0,0,1,0,0,0,1,0,0,0,0,1
365,1,0,0,1,0,0,0,0,0,1,0,0,0,1,0,0,0,0,1
366,1,0,0,1,0,0,0,0,1,0,0,0,1,0,0,0,0,1,0
367,1,0,0,1,0,0,0,1,0,0,0,0,1,0,0,0,0,0,1
368,1,0,0,0,1,0,0,0,1,0,0,0,1,0,0,0,0,0,1
369,1,0,0,0,0,1,0,0,0,1,0,0,0,0,1,0,0,1,0
370,0,1,0,0,1,0,0,0,0,1,0,0,1,0,0,0,0,1,0
371,1,0,0,1,0,0,1,0,0,0,0,0,1,0,0,0,0,0,1
372,1,0,0,1,0,0,0,0,0,1,0,0,1,0,0,0,0,0,1
373,1,0,0,1,0,0,0,0,0,1,0,0,1,0,0,0,0,0,1
374,1,0,0,1,0,0,0,0,0,1,0,0,1,0,0,0,0,0,1
375,1,0,0,0,1,0,0,0,0,1,0,0,0,0,1,0,0,1,0
376,1,0,0,0,1,0,0,0,1,0,0,0,1,0,0,0,0,0,1
377,1,0,0,1,0,0,0,0,0,1,0,0,1,0,0,0,0,0,1
378,0,1,0,1,0,0,0,0,0,1,0,0,0,1,0,0,0,1,0
379,1,0,0,0,0,1,0,0,0,1,0,0,0,1,0,0,0,0,1
380,1,0,0,1,0,0,0,0,0,1,0,0,1,0,0,0,0,0,1
381,1,0,0,1,0,0,0,1,0,0,0,0,1,0,0,0,0,0,1
382,1,0,0,1,0,0,0,0,1,0,0,0,1,0,0,0,0,0,1
383,1,0,0,1,0,0,0,0,1,0,0,0,1,0,0,0,0,0,1
384,1,0,0,1,0,0,0,1,0,0,0,0,1,0,0,0,0,0,1
385,1,0,0,1,0,0,0,1,0,0,0,0,1,0,0,0,0,0,1
386,1,0,0,1,0,0,0,0,0,1,0,0,0,1,0,0,0,1,0
387,1,0,0,0,0,1,0,0,0,1,0,0,0,0,1,0,0,1,0
388,0,1,0,0,1,0,0,0,0,1,0,0,0,0,1,0,0,1,0
389,1,0,0,1,0,0,0,0,0,1,0,0,1,0,0,0,0,0,1
390,1,0,0,1,0,0,0,0,0,1,0,0,0,0,1,0,0,0,1
391,0,1,0,1,0,0,0,0,0,1,0,0,1,0,0,0,0,1,0
392,1,0,0,1,0,0,0,1,0,0,0,0,1,0,0,0,0,0,1
393,1,0,0,1,0,0,0,1,0,0,0,0,0,1,0,0,0,0,1
394,0,1,0,1,0,0,0,0,0,1,0,0,0,1,0,0,0,1,0
395,1,0,0,1,0,0,0,0,1,0,0,0,1,0,0,0,0,0,1
396,1,0,0,1,0,0,0,1,0,0,0,0,0,1,0,0,0,0,1
397,1,0,0,1,0,0,0,0,0,1,0,0,1,0,0,0,0,1,0
398,1,0,0,1,0,0,0,1,0,0,0,0,1,0,0,0,0,0,1
399,0,1,0,1,0,0,0,0,0,1,0,0,1,0,0,0,0,1,0
400,1,0,0,1,0,0,0,0,0,1,0,0,0,1,0,0,0,1,0
401,1,0,0,1,0,0,0,1,0,0,0,0,0,0,1,0,0,0,1
402,1,0,0,0,1,0,0,0,0,1,0,0,0,1,0,0,0,1,0
403,1,0,0,1,0,0,0,0,0,1,0,0,0,1,0,0,0,0,1
404,0,1,0,1,0,0,0,0,0,1,0,0,0,0,1,0,0,1,0
405,1,0,0,1,0,0,0,0,0,1,0,0,1,0,0,0,0,0,1
406,1,0,0,1,0,0,0,0,1,0,0,0,0,0,1,0,0,1,0
407,1,0,0,1,0,0,0,1,0,0,0,0,1,0,0,0,0,0,1
408,0,1,0,1,0,0,0,0,1,0,0,0,0,1,0,0,0,1,0
409,0,1,0,1,0,0,0,0,0,1,0,0,1,0,0,0,0,1,0
410,1,0,0,0,0,1,0,0,0,1,0,0,1,0,0,0,0,0,1
411,1,0,0,1,0,0,0,0,0,1,0,0,1,0,0,0,0,0,1
412,0,1,0,0,1,0,0,0,0,1,0,0,1,0,0,0,0,0,1
413,0,1,0,1,0,0,0,0,1,0,0,0,1,0,0,0,0,0,1
414,1,0,0,1,0,0,0,0,0,1,0,0,1,0,0,0,0,1,0
415,0,1,0,0,1,0,0,0,0,1,0,0,1,0,0,0,0,1,0
416,1,0,0,1,0,0,0,0,1,0,0,0,1,0,0,0,0,0,1
417,0,1,0,0,1,0,0,0,0,1,0,0,0,1,0,0,0,1,0
418,1,0,0,1,0,0,1,0,0,0,0,0,1,0,0,0,0,0,1
419,1,0,0,1,0,0,0,0,1,0,0,0,1,0,0,0,0,1,0
420,1,0,0,0,1,0,0,0,0,1,0,0,1,0,0,0,0,0,1
421,1,0,0,1,0,0,0,0,1,0,0,0,1,0,0,0,0,0,1
422,1,0,0,1,0,0,0,0,0,1,0,0,1,0,0,0,0,0,1
423,1,0,0,1,0,0,0,0,0,1,0,0,1,0,0,0,0,0,1
424,0,1,0,1,0,0,0,0,0,1,0,0,0,1,0,0,0,1,0
425,0,1,0,1,0,0,0,0,0,1,0,0,0,1,0,0,0,1,0
426,1,0,0,1,0,0,1,0,0,0,0,0,1,0,0,0,0,0,1
427,0,1,0,1,0,0,0,0,0,1,0,0,0,1,0,0,0,1,0
428,1,0,0,0,0,1,0,0,0,1,0,0,1,0,0,0,0,0,1
429,1,0,0,0,1,0,0,0,0,1,0,0,0,0,1,0,0,1,0
430,1,0,0,1,0,0,0,1,0,0,0,0,1,0,0,0,0,0,1
431,1,0,0,1,0,0,0,0,0,1,0,0,0,1,0,0,0,0,1
432,1,0,0,1,0,0,0,0,0,1,0,0,1,0,0,0,0,0,1
433,1,0,0,1,0,0,0,0,1,0,0,0,1,0,0,0,0,0,1
434,1,0,0,1,0,0,0,1,0,0,0,0,0,1,0,0,0,0,1
435,0,1,0,1,0,0,0,0,0,1,0,0,1,0,0,0,0,1,0
436,1,0,0,0,1,0,0,0,0,1,0,0,0,0,1,0,0,0,1
437,0,1,0,1,0,0,0,0,1,0,0,0,1,0,0,0,0,0,1
438,1,0,0,1,0,0,1,0,0,0,0,0,1,0,0,0,0,0,1
439,1,0,0,0,1,0,0,0,0,1,0,0,0,1,0,0,0,0,1
440,0,1,0,0,0,1,0,0,0,1,0,0,0,0,1,0,0,1,0
441,1,0,0,1,0,0,0,0,0,1,0,0,1,0,0,0,0,0,1
442,1,0,0,1,0,0,0,0,0,1,0,0,1,0,0,0,0,0,1
443,1,0,0,1,0,0,0,0,0,1,0,0,0,1,0,0,0,1,0
444,1,0,0,1,0,0,0,0,1,0,0,0,0,1,0,0,0,1,0
445,0,1,0,1,0,0,0,0,0,1,0,0,1,0,0,0,0,1,0
446,1,0,0,1,0,0,0,0,1,0,0,0,1,0,0,0,0,0,1
447,1,0,0,0,1,0,0,0,0,1,0,0,1,0,0,0,0,0,1
448,1,0,0,1,0,0,0,0,0,1,0,0,1,0,0,0,0,1,0
449,1,0,0,1,0,0,0,0,0,1,0,0,1,0,0,0,0,0,1
450,1,0,0,1,0,0,0,1,0,0,0,0,1,0,0,0,0,0,1
451,1,0,0,1,0,0,0,0,1,0,0,0,1,0,0,0,0,1,0
452,1,0,0,1,0,0,0,0,0,1,0,0,1,0,0,0,0,0,1
453,1,0,0,1,0,0,0,1,0,0,0,0,0,0,0,1,0,0,1
454,1,0,0,1,0,0,0,0,0,1,0,0,1,0,0,0,0,0,1
455,0,1,0,1,0,0,0,0,0,1,0,0,0,1,0,0,0,1,0
456,1,0,0,1,0,0,0,0,1,0,0,0,0,0,0,1,0,0,1
457,1,0,0,1,0,0,0,0,0,1,0,0,1,0,0,0,0,0,1
458,0,1,0,0,1,0,0,0,0,1,0,0,0,0,1,0,0,1,0
459,1,0,0,1,0,0,0,0,1,0,0,0,0,0,0,0,1,0,1
460,1,0,0,1,0,0,0,1,0,0,0,0,0,0,1,0,0,0,1
461,1,0,0,1,0,0,0,1,0,0,0,0,1,0,0,0,0,0,1
462,1,0,0,1,0,0,0,0,0,1,0,0,0,1,0,0,0,0,1
463,1,0,0,1,0,0,0,0,1,0,0,0,0,1,0,0,0,0,1
464,1,0,0,0,0,1,0,1,0,0,0,0,0,1,0,0,0,0,1
465,1,0,0,1,0,0,0,1,0,0,0,0,1,0,0,0,0,0,1
466,1,0,0,1,0,0,0,0,1,0,0,0,1,0,0,0,0,0,1
467,1,0,0,1,0,0,0,0,0,1,0,0,1,0,0,0,0,0,1
468,1,0,0,1,0,0,0,0,0,1,0,0,0,1,0,0,0,1,0
469,0,1,0,1,0,0,0,0,0,1,0,0,1,0,0,0,0,0,1
470,0,1,0,0,1,0,0,0,0,1,0,0,1,0,0,0,0,0,1
471,1,0,0,1,0,0,0,0,0,1,0,0,1,0,0,0,0,0,1
472,1,0,0,1,0,0,0,0,0,1,0,0,1,0,0,0,0,0,1
473,1,0,0,0,0,1,0,0,1,0,0,0,0,0,1,0,0,0,1
474,1,0,0,1,0,0,0,0,1,0,0,0,1,0,0,0,0,0,1
475,1,0,0,0,1,0,0,0,1,0,0,0,0,0,1,0,0,0,1
476,1,0,0,0,1,0,0,0,0,1,0,0,1,0,0,0,0,1,0
477,1,0,0,1,0,0,0,1,0,0,0,0,0,1,0,0,0,0,1
478,1,0,0,1,0,0,0,0,1,0,0,0,0,1,0,0,0,0,1
479,1,0,0,0,1,0,0,0,1,0,0,0,0,0,0,1,0,0,1
480,0,1,0,1,0,0,0,0,0,1,0,0,0,1,0,0,0,1,0
481,1,0,0,0,1,0,0,0,0,1,0,0,1,0,0,0,0,0,1
482,1,0,0,1,0,0,0,0,1,0,0,0,1,0,0,0,0,0,1
483,1,0,0,0,1,0,0,0,0,1,0,0,1,0,0,0,0,0,1
484,0,1,0,1,0,0,0,0,0,1,0,0,0,1,0,0,0,1,0
485,1,0,0,1,0,0,0,0,0,1,0,0,1,0,0,0,0,1,0
486,1,0,0,1,0,0,0,0,0,1,0,0,1,0,0,0,0,0,1
487,0,1,0,1,0,0,0,0,0,1,0,0,0,0,1,0,0,0,1
488,1,0,0,1,0,0,0,0,1,0,0,0,1,0,0,0,0,0,1
489,0,1,0,0,1,0,0,0,1,0,0,0,0,0,0,1,0,0,1
490,1,0,0,1,0,0,0,0,0,1,0,0,1,0,0,0,0,0,1
491,1,0,0,0,0,1,0,0,0,1,0,0,0,0,1,0,0,0,1
492,1,0,0,1,0,0,0,0,0,1,0,0,0,1,0,0,0,0,1
493,1,0,0,1,0,0,0,0,1,0,0,0,0,0,1,0,0,1,0
494,1,0,0,1,0,0,1,0,0,0,0,0,1,0,0,0,0,0,1
495,0,1,0,1,0,0,0,0,1,0,0,0,0,0,0,1,0,0,1
496,1,0,0,1,0,0,0,0,1,0,0,0,0,1,0,0,0,0,1
497,1,0,0,1,0,0,0,0,0,1,0,0,1,0,0,0,0,0,1
498,0,1,0,1,0,0,0,0,1,0,0,0,0,0,1,0,0,1,0
499,0,1,0,1,0,0,0,0,1,0,0,0,0,1,0,0,0,0,1
500,1,0,0,0,0,1,0,0,1,0,0,0,1,0,0,0,0,0,1
501,1,0,0,1,0,0,0,0,0,1,0,0,1,0,0,0,0,0,1
502,1,0,0,1,0,0,0,0,0,1,0,0,0,0,1,0,0,1,0
503,1,0,0,1,0,0,0,0,0,1,0,0,0,0,1,0,0,0,1
504,1,0,0,1,0,0,0,0,0,1,0,0,0,0,1,0,0,0,1
505,1,0,0,0,1,0,0,0,0,1,0,0,0,1,0,0,0,0,1
506,0,1,0,0,0,1,0,0,0,1,0,0,0,1,0,0,0,1,0
507,1,0,0,1,0,0,0,0,1,0,0,0,1,0,0,0,0,0,1
508,1,0,0,1,0,0,0,0,0,1,0,0,1,0,0,0,0,0,1
509,1,0,0,1,0,0,0,0,1,0,0,0,0,0,0,1,0,0,1
510,1,0,0,1,0,0,0,0,1,0,0,0,0,0,1,0,0,1,0
511,1,0,0,1,0,0,0,1,0,0,0,0,1,0,0,0,0,0,1
512,1,0,0,1,0,0,0,1,0,0,0,0,0,0,1,0,0,0,1
513,1,0,0,1,0,0,0,0,1,0,0,0,1,0,0,0,0,0,1
514,1,0,0,1,0,0,0,0,1,0,0,0,1,0,0,0,0,0,1
515,0,1,0,1,0,0,0,0,0,1,0,0,1,0,0,0,0,1,0
516,0,1,0,0,1,0,0,0,0,1,0,0,0,0,1,0,0,1,0
517,1,0,0,0,1,0,0,0,0,1,0,0,0,0,1,0,0,0,1
518,1,0,0,1,0,0,0,0,0,1,0,0,0,0,1,0,0,0,1
519,1,0,0,0,0,1,0,1,0,0,0,0,0,0,0,1,0,0,1
520,1,0,0,1,0,0,0,0,1,0,0,0,1,0,0,0,0,0,1
521,1,0,0,0,1,0,0,0,0,1,0,0,1,0,0,0,0,0,1
522,1,0,0,1,0,0,1,0,0,0,0,0,1,0,0,0,0,0,1
523,1,0,0,1,0,0,0,0,0,1,0,0,0,0,1,0,0,1,0
524,1,0,0,1,0,0,0,0,0,1,0,0,1,0,0,0,0,0,1
525,1,0,0,1,0,0,0,1,0,0,0,0,1,0,0,0,0,0,1
526,1,0,0,1,0,0,1,0,0,0,0,0,1,0,0,0,0,0,1
527,1,0,0,1,0,0,0,0,1,0,0,0,1,0,0,0,0,0,1
528,1,0,0,1,0,0,0,0,0,1,0,0,1,0,0,0,0,0,1
529,1,0,0,1,0,0,0,1,0,0,0,0,0,1,0,0,0,0,1
530,1,0,0,1,0,0,0,0,1,0,0,0,1,0,0,0,0,0,1
531,1,0,0,1,0,0,0,0,0,1,0,0,1,0,0,0,0,0,1
532,1,0,0,1,0,0,0,0,0,1,0,0,1,0,0,0,0,0,1
533,1,0,0,1,0,0,0,0,1,0,0,0,0,1,0,0,0,0,1
534,1,0,0,1,0,0,0,0,0,1,0,0,1,0,0,0,0,0,1
535,1,0,0,1,0,0,0,0,0,1,0,0,1,0,0,0,0,1,0
536,1,0,0,0,0,1,0,0,1,0,0,0,0,0,1,0,0,0,1
537,1,0,0,1,0,0,0,1,0,0,0,0,0,0,0,1,0,0,1
538,1,0,0,0,1,0,0,0,0,1,0,0,1,0,0,0,0,0,1
539,1,0,0,0,0,1,0,0,0,1,0,0,0,1,0,0,0,1,0
540,1,0,0,1,0,0,0,0,0,1,0,0,0,0,1,0,0,1,0
541,1,0,0,1,0,0,0,0,0,1,0,0,1,0,0,0,0,1,0
542,1,0,0,0,1,0,0,0,0,1,0,0,0,0,1,0,0,1,0
543,1,0,0,0,0,1,0,0,0,1,0,0,1,0,0,0,0,0,1
544,1,0,0,1,0,0,0,0,0,1,0,0,1,0,0,0,0,0,1
545,0,1,0,0,0,1,0,0,0,1,0,0,0,1,0,0,0,1,0
546,0,1,0,1,0,0,0,0,0,1,0,0,0,0,1,0,0,1,0
547,1,0,0,1,0,0,0,0,0,1,0,0,1,0,0,0,0,0,1
548,0,1,0,0,1,0,0,0,0,1,0,0,0,0,1,0,0,0,1
549,0,1,0,0,0,1,0,0,1,0,0,0,0,1,0,0,0,0,1
550,1,0,0,1,0,0,0,0,1,0,0,0,1,0,0,0,0,0,1
551,1,0,0,1,0,0,0,0,0,1,0,0,1,0,0,0,0,0,1
552,1,0,0,0,1,0,0,0,1,0,0,0,0,0,0,1,0,0,1
553,1,0,0,1,0,0,0,0,1,0,0,0,1,0,0,0,0,0,1
554,1,0,0,1,0,0,0,0,0,1,0,0,1,0,0,0,0,0,1
555,1,0,0,1,0,0,0,0,1,0,0,0,0,1,0,0,0,0,1
556,1,0,0,1,0,0,0,0,0,1,0,0,0,1,0,0,0,0,1
557,1,0,0,1,0,0,0,0,1,0,0,0,0,0,1,0,0,0,1
558,1,0,0,1,0,0,0,0,0,1,0,0,0,0,1,0,0,0,1
559,1,0,0,1,0,0,0,0,0,1,0,0,0,1,0,0,0,0,1
560,1,0,0,1,0,0,0,0,0,1,0,0,0,0,1,0,0,1,0
561,0,1,0,1,0,0,0,0,0,1,0,0,1,0,0,0,0,1,0
562,1,0,0,1,0,0,0,0,0,1,0,0,1,0,0,0,0,0,1
563,1,0,0,1,0,0,0,0,1,0,0,0,0,1,0,0,0,0,1
564,1,0,0,0,1,0,0,0,0,1,0,0,1,0,0,0,0,0,1
565,1,0,0,1,0,0,0,0,1,0,0,0,1,0,0,0,0,0,1
566,1,0,0,1,0,0,0,0,0,1,0,0,1,0,0,0,0,0,1
567,1,0,0,1,0,0,0,0,0,1,0,0,0,0,1,0,0,0,1
568,0,1,0,1,0,0,0,0,0,1,0,0,0,1,0,0,0,0,1
569,1,0,0,1,0,0,0,0,0,1,0,0,0,1,0,0,0,1,0
570,1,0,0,1,0,0,0,0,0,1,0,0,0,1,0,0,0,0,1
571,1,0,0,0,0,1,0,1,0,0,0,0,1,0,0,0,0,0,1
572,1,0,0,1,0,0,0,0,1,0,0,0,1,0,0,0,0,0,1
573,1,0,0,1,0,0,0,0,0,1,0,0,1,0,0,0,0,0,1
574,0,1,0,0,1,0,0,0,0,1,0,0,1,0,0,0,0,0,1
575,1,0,0,1,0,0,0,0,0,1,0,0,1,0,0,0,0,0,1
576,1,0,0,1,0,0,0,1,0,0,0,0,0,1,0,0,0,0,1
577,1,0,0,0,1,0,0,0,0,1,0,0,1,0,0,0,0,1,0
578,1,0,0,1,0,0,0,0,1,0,0,0,0,1,0,0,0,0,1
579,0,1,0,1,0,0,0,0,0,1,0,0,0,0,0,1,0,1,0
580,0,1,0,0,0,1,0,0,0,1,0,0,1,0,0,0,0,1,0
581,1,0,0,1,0,0,0,0,1,0,0,0,1,0,0,0,0,0,1
582,1,0,0,1,0,0,0,0,1,0,0,0,0,0,0,1,0,0,1
583,1,0,0,1,0,0,0,0,0,1,0,0,0,0,1,0,0,0,1
584,1,0,0,1,0,0,0,0,1,0,0,0,0,0,1,0,0,1,0
585,1,0,0,1,0,0,0,1,0,0,0,0,1,0,0,0,0,0,1
586,0,1,0,1,0,0,0,0,0,1,0,0,0,0,1,0,0,1,0
587,1,0,0,1,0,0,0,1,0,0,0,0,1,0,0,0,0,0,1
588,0,1,0,0,1,0,0,0,0,1,0,0,0,0,1,0,0,1,0
589,1,0,0,1,0,0,0,1,0,0,0,0,1,0,0,0,0,0,1
590,1,0,0,0,1,0,0,0,0,1,0,0,0,0,1,0,0,1,0
591,1,0,0,1,0,0,0,0,0,1,0,0,1,0,0,0,0,0,1
592,1,0,0,0,1,0,0,0,0,1,0,0,0,0,1,0,0,1,0
593,1,0,0,1,0,0,0,0,1,0,0,0,1,0,0,0,0,0,1
594,1,0,0,1,0,0,0,0,0,1,0,0,0,1,0,0,0,0,1
595,0,1,0,0,1,0,0,0,0,1,0,0,1,0,0,0,0,1,0
596,1,0,0,1,0,0,0,0,0,1,0,0,0,0,1,0,0,0,1
597,1,0,0,1,0,0,0,0,1,0,0,0,1,0,0,0,0,0,1
598,0,1,0,1,0,0,0,0,0,1,0,0,0,1,0,0,0,1,0
599,1,0,0,1,0,0,0,1,0,0,0,0,1,0,0,0,0,0,1
600,1,0,0,0,1,0,0,0,1,0,0,0,1,0,0,0,0,0,1
601,1,0,0,1,0,0,0,1,0,0,0,0,1,0,0,0,0,0,1
602,1,0,0,1,0,0,0,0,1,0,0,0,0,1,0,0,0,0,1
603,0,1,0,1,0,0,0,0,0,1,0,0,0,0,1,0,0,1,0
604,0,1,0,1,0,0,0,0,1,0,0,0,0,1,0,0,0,1,0
605,1,0,0,1,0,0,0,0,0,1,0,0,1,0,0,0,0,0,1
606,0,1,0,1,0,0,0,0,0,1,0,0,1,0,0,0,0,1,0
607,1,0,0,1,0,0,0,1,0,0,0,0,1,0,0,0,0,0,1
608,0,1,0,0,1,0,0,0,0,1,0,0,1,0,0,0,0,0,1
609,1,0,0,1,0,0,0,1,0,0,0,0,1,0,0,0,0,0,1
610,1,0,0,1,0,0,0,0,0,1,0,0,1,0,0,0,0,0,1
611,0,1,0,1,0,0,0,0,0,1,0,0,0,1,0,0,0,1,0
612,0,1,0,0,1,0,0,0,0,1,0,0,0,0,1,0,0,1,0
613,1,0,0,0,1,0,0,0,0,1,0,0,1,0,0,0,0,0,1
614,1,0,0,1,0,0,0,0,0,1,0,0,0,0,1,0,0,1,0
615,1,0,0,1,0,0,0,0,1,0,0,0,1,0,0,0,0,0,1
616,1,0,0,0,0,1,0,0,1,0,0,0,0,1,0,0,0,0,1
617,1,0,0,1,0,0,0,1,0,0,0,0,1,0,0,0,0,0,1
618,1,0,0,0,1,0,0,0,1,0,0,0,0,0,1,0,0,1,0
619,1,0,0,1,0,0,0,0,0,1,0,0,1,0,0,0,0,1,0
620,1,0,0,0,1,0,0,0,0,1,0,0,1,0,0,0,0,0,1
621,1,0,0,1,0,0,0,1,0,0,0,0,1,0,0,0,0,0,1
622,0,1,0,0,0,1,0,0,0,1,0,0,0,0,1,0,0,0,1
623,1,0,0,1,0,0,0,0,0,1,0,0,1,0,0,0,0,0,1
624,1,0,0,1,0,0,0,0,0,1,0,0,1,0,0,0,0,0,1
625,1,0,0,0,1,0,0,0,0,1,0,0,1,0,0,0,0,0,1
626,1,0,0,1,0,0,0,1,0,0,0,0,1,0,0,0,0,0,1
627,1,0,0,1,0,0,0,0,0,1,0,0,1,0,0,0,0,0,1
628,1,0,0,0,1,0,0,0,0,1,0,0,0,0,1,0,0,0,1
629,1,0,0,1,0,0,0,1,0,0,0,0,1,0,0,0,0,0,1
630,1,0,0,1,0,0,0,0,1,0,0,0,0,1,0,0,0,1,0
631,1,0,0,1,0,0,0,0,0,1,0,0,1,0,0,0,0,0,1
632,1,0,0,1,0,0,0,0,1,0,0,0,1,0,0,0,0,0,1
633,1,0,0,0,1,0,0,0,1,0,0,0,1,0,0,0,0,0,1
634,1,0,0,1,0,0,0,0,1,0,0,0,0,1,0,0,0,0,1
635,1,0,0,1,0,0,0,0,0,1,0,0,0,1,0,0,0,1,0
636,1,0,0,1,0,0,0,0,1,0,0,0,0,0,1,0,0,0,1
637,1,0,0,1,0,0,0,0,0,1,0,0,1,0,0,0,0,0,1
638,1,0,0,1,0,0,0,0,0,1,0,0,0,1,0,0,0,1,0
639,1,0,0,1,0,0,0,1,0,0,0,0,1,0,0,0,0,0,1
640,1,0,0,0,1,0,0,0,1,0,0,0,1,0,0,0,0,0,1
641,1,0,0,1,0,0,0,0,0,1,0,0,1,0,0,0,0,0,1
642,0,1,0,0,1,0,0,0,1,0,0,0,0,0,1,0,0,1,0
643,1,0,0,1,0,0,0,0,1,0,0,0,0,1,0,0,0,0,1
644,1,0,0,1,0,0,0,0,1,0,0,0,1,0,0,0,0,0,1
645,0,1,0,1,0,0,0,0,0,1,0,0,0,1,0,0,0,0,1
646,0,1,0,1,0,0,0,1,0,0,0,0,0,1,0,0,0,1,0
647,0,1,0,1,0,0,0,0,0,1,0,0,1,0,0,0,0,1,0
648,1,0,0,0,1,0,0,0,1,0,0,0,0,0,1,0,0,1,0
649,1,0,0,1,0,0,0,0,1,0,0,0,1,0,0,0,0,0,1
650,1,0,0,1,0,0,0,0,1,0,0,0,1,0,0,0,0,0,1
651,1,0,0,1,0,0,0,0,0,1,0,0,1,0,0,0,0,0,1
652,1,0,0,1,0,0,0,0,0,1,0,0,1,0,0,0,0,0,1
653,1,0,0,1,0,0,0,0,1,0,0,0,1,0,0,0,0,0,1
654,1,0,0,1,0,0,0,0,0,1,0,0,1,0,0,0,0,0,1
655,0,1,0,1,0,0,0,0,0,1,0,0,1,0,0,0,0,1,0
656,1,0,0,1,0,0,0,1,0,0,0,0,1,0,0,0,0,0,1
657,1,0,0,0,1,0,0,0,0,1,0,0,0,0,1,0,0,0,1
658,1,0,0,0,0,1,0,0,0,1,0,0,0,0,1,0,0,0,1
659,1,0,0,0,1,0,0,0,0,1,0,0,1,0,0,0,0,1,0
660,0,1,0,0,1,0,0,0,1,0,0,0,0,0,1,0,0,0,1
661,0,1,0,1,0,0,0,0,0,1,0,0,1,0,0,0,0,1,0
662,0,1,0,0,0,1,0,0,0,1,0,0,0,0,1,0,0,1,0
663,0,1,0,0,1,0,0,0,0,1,0,0,0,0,1,0,0,1,0
664,1,0,0,1,0,0,0,0,0,1,0,0,0,0,1,0,0,1,0
665,1,0,0,0,1,0,0,0,0,1,0,0,1,0,0,0,0,0,1
666,0,1,0,0,1,0,0,0,0,1,0,0,0,0,0,1,0,1,0
667,1,0,0,1,0,0,0,0,1,0,0,0,0,0,1,0,0,1,0
668,1,0,0,1,0,0,0,0,0,1,0,0,0,0,1,0,0,0,1
669,0,1,0,1,0,0,0,0,0,1,0,0,0,0,1,0,0,0,1
670,0,1,0,1,0,0,0,0,0,1,0,0,0,0,1,0,0,0,1
671,1,0,0,1,0,0,0,0,1,0,0,0,1,0,0,0,0,0,1
672,1,0,0,0,0,1,0,0,0,1,0,0,0,0,1,0,0,0,1
673,1,0,0,0,0,1,0,0,0,1,0,0,1,0,0,0,0,0,1
674,1,0,0,0,1,0,0,0,0,1,0,0,0,0,0,1,0,0,1
675,0,1,0,1,0,0,0,0,0,1,0,0,0,1,0,0,0,1,0
676,0,1,0,0,1,0,0,1,0,0,0,0,0,0,1,0,0,1,0
677,1,0,0,1,0,0,0,0,0,1,0,0,1,0,0,0,0,0,1
678,1,0,0,1,0,0,0,0,0,1,0,0,1,0,0,0,0,1,0
679,1,0,0,1,0,0,0,1,0,0,0,0,1,0,0,0,0,0,1
680,1,0,0,1,0,0,0,1,0,0,0,0,1,0,0,0,0,0,1
681,0,1,0,1,0,0,0,0,0,1,0,0,1,0,0,0,0,1,0
682,1,0,0,1,0,0,0,0,0,1,0,0,1,0,0,0,0,0,1
683,1,0,0,0,1,0,0,0,0,1,0,0,1,0,0,0,0,1,0
684,1,0,0,0,1,0,1,0,0,0,0,0,0,0,0,1,0,0,1
685,1,0,0,1,0,0,0,0,0,1,0,0,1,0,0,0,0,0,1
686,1,0,0,1,0,0,0,1,0,0,0,0,1,0,0,0,0,0,1
687,1,0,0,1,0,0,0,0,1,0,0,0,1,0,0,0,0,0,1
688,1,0,0,1,0,0,0,1,0,0,0,0,1,0,0,0,0,0,1
689,0,1,0,0,1,0,0,0,0,1,0,0,0,0,1,0,0,1,0
690,1,0,0,0,1,0,0,1,0,0,0,0,0,1,0,0,0,0,1
691,0,1,0,0,0,1,0,0,0,1,0,0,0,0,1,0,0,1,0
692,1,0,0,1,0,0,0,0,0,1,0,0,1,0,0,0,0,0,1
693,1,0,0,1,0,0,0,0,0,1,0,0,0,0,1,0,0,1,0
694,1,0,0,1,0,0,0,1,0,0,0,0,1,0,0,0,0,0,1
695,0,1,0,0,0,1,0,0,0,1,0,0,0,0,1,0,0,1,0
696,0,1,0,1,0,0,0,0,1,0,0,0,0,1,0,0,0,1,0
697,1,0,0,1,0,0,0,0,1,0,0,0,1,0,0,0,0,0,1
698,1,0,0,0,1,0,0,0,0,1,0,0,1,0,0,0,0,0,1
699,1,0,0,1,0,0,0,0,0,1,0,0,1,0,0,0,0,0,1
700,1,0,0,1,0,0,0,0,0,1,0,0,1,0,0,0,0,0,1
701,1,0,0,1,0,0,0,0,1,0,0,0,0,0,1,0,0,1,0
702,0,1,0,0,1,0,0,0,0,1,0,0,0,0,1,0,0,1,0
703,1,0,0,1,0,0,0,0,0,1,0,0,0,0,1,0,0,0,1
704,1,0,0,1,0,0,0,0,1,0,0,0,1,0,0,0,0,0,1
705,1,0,0,0,1,0,0,0,0,1,0,0,1,0,0,0,0,0,1
706,1,0,0,1,0,0,1,0,0,0,0,0,0,1,0,0,0,1,0
707,1,0,0,1,0,0,0,0,0,1,0,0,1,0,0,0,0,0,1
708,0,1,0,1,0,0,0,0,0,1,0,0,0,0,1,0,0,1,0
709,1,0,0,1,0,0,0,0,0,1,0,0,1,0,0,0,0,1,0
710,0,1,0,1,0,0,0,0,0,1,0,0,1,0,0,0,0,0,1
711,1,0,0,1,0,0,0,0,1,0,0,0,0,0,1,0,0,0,1
712,1,0,0,1,0,0,0,0,0,1,0,0,0,1,0,0,0,1,0
713,1,0,0,1,0,0,0,0,1,0,0,0,1,0,0,0,0,0,1
714,1,0,0,1,0,0,0,0,1,0,0,0,0,1,0,0,0,0,1
715,0,1,0,1,0,0,0,0,0,1,0,0,0,1,0,0,0,1,0
716,0,1,0,1,0,0,0,0,0,1,0,0,0,1,0,0,0,1,0
717,1,0,0,1,0,0,0,1,0,0,0,0,0,0,1,0,0,0,1
718,1,0,0,1,0,0,0,0,0,1,0,0,1,0,0,0,0,0,1
719,1,0,0,1,0,0,0,0,0,1,0,0,0,0,1,0,0,1,0
720,1,0,0,0,1,0,0,0,1,0,0,0,0,1,0,0,0,0,1
721,1,0,0,1,0,0,0,0,0,1,0,0,1,0,0,0,0,0,1
722,0,1,0,1,0,0,0,0,1,0,0,0,0,0,1,0,0,1,0
723,1,0,0,0,1,0,0,0,0,1,0,0,0,0,1,0,0,0,1
724,1,0,0,0,0,1,0,0,0,1,0,0,0,0,1,0,0,0,1
725,1,0,0,1,0,0,0,0,0,1,0,0,0,1,0,0,0,0,1
726,1,0,0,1,0,0,0,0,0,1,0,0,1,0,0,0,0,0,1
727,0,1,0,0,1,0,0,0,0,1,0,0,1,0,0,0,0,0,1
728,0,1,0,0,1,0,0,1,0,0,0,0,1,0,0,0,0,0,1
729,1,0,0,1,0,0,0,0,0,1,0,0,1,0,0,0,0,0,1
730,1,0,0,1,0,0,0,0,1,0,0,0,0,1,0,0,0,1,0
731,1,0,0,0,1,0,0,0,1,0,0,0,1,0,0,0,0,1,0
732,0,1,0,0,1,0,0,0,0,1,0,0,1,0,0,0,0,1,0
733,1,0,0,1,0,0,0,0,1,0,0,0,1,0,0,0,0,0,1
734,1,0,0,1,0,0,0,1,0,0,0,0,0,0,1,0,0,0,1
735,1,0,0,1,0,0,0,0,0,1,0,0,1,0,0,0,0,0,1
736,1,0,0,0,1,0,0,0,1,0,0,0,1,0,0,0,0,0,1
737,1,0,0,1,0,0,0,0,0,1,0,0,0,0,1,0,0,0,1
738,1,0,0,1,0,0,0,0,0,1,0,0,1,0,0,0,0,0,1
739,1,0,0,1,0,0,0,0,0,1,0,0,0,0,1,0,0,1,0
740,1,0,0,0,1,0,0,0,0,1,0,0,0,0,1,0,0,1,0
741,1,0,0,1,0,0,0,0,0,1,0,0,1,0,0,0,0,0,1
742,1,0,0,1,0,0,0,0,1,0,0,0,1,0,0,0,0,0,1
743,1,0,0,0,0,1,0,0,0,1,0,0,0,0,1,0,0,1,0
744,0,1,0,0,1,0,0,0,0,1,0,0,0,1,0,0,0,0,1
745,1,0,0,0,1,0,0,0,0,1,0,0,0,0,1,0,0,0,1
746,0,1,0,0,0,1,0,0,0,1,0,0,1,0,0,0,0,1,0
747,1,0,0,1,0,0,0,0,0,1,0,0,0,1,0,0,0,0,1
748,0,1,0,1,0,0,0,0,0,1,0,0,0,1,0,0,0,1,0
749,0,1,0,1,0,0,0,1,0,0,0,0,0,0,1,0,0,1,0
750,1,0,0,1,0,0,0,0,0,1,0,0,1,0,0,0,0,1,0
751,1,0,0,1,0,0,0,0,0,1,0,0,1,0,0,0,0,0,1
752,1,0,0,1,0,0,0,0,1,0,0,0,1,0,0,0,0,0,1
753,0,1,0,0,1,0,0,0,0,1,0,0,1,0,0,0,0,1,0
754,0,1,0,1,0,0,0,0,0,1,0,0,0,0,1,0,0,1,0
755,1,0,0,0,1,0,0,0,0,1,0,0,0,1,0,0,0,1,0
756,1,0,0,0,0,1,0,0,0,1,0,0,0,1,0,0,0,0,1
757,1,0,0,1,0,0,0,0,0,1,0,0,0,0,1,0,0,1,0
758,1,0,0,1,0,0,0,0,0,1,0,0,1,0,0,0,0,0,1
759,0,1,0,0,0,1,0,0,0,1,0,0,0,0,0,1,0,1,0
760,1,0,0,1,0,0,0,0,1,0,0,0,1,0,0,0,0,0,1
761,0,1,0,1,0,0,0,0,0,1,0,0,0,0,1,0,0,1,0
762,1,0,0,1,0,0,0,1,0,0,0,0,0,1,0,0,0,0,1
763,1,0,0,1,0,0,0,0,0,1,0,0,0,0,0,1,0,0,1
764,1,0,0,1,0,0,0,0,0,1,0,0,1,0,0,0,0,0,1
765,1,0,0,1,0,0,0,0,1,0,0,0,0,1,0,0,0,0,1
766,1,0,0,1,0,0,0,0,0,1,0,0,0,0,1,0,0,1,0
767,1,0,0,1,0,0,0,0,0,1,0,0,1,0,0,0,0,0,1
